{
    "rmse": 0.7987777149527265,
    "mae": 0.6210667959473614,
    "r2": 0.16854532884412732
}