{
    "rmse": 0.7619309581744244,
    "mae": 0.6097226092477109,
    "r2": 0.19176018233518988
}